{
  "hash": "81ebd98b",
  "configHash": "d73525dd",
  "lockfileHash": "d8b9f877",
  "browserHash": "b5c61a66",
  "optimized": {
    "@angular/core": {
      "src": "../../../../../node_modules/@angular/core/fesm2022/core.mjs",
      "file": "@angular_core.js",
      "fileHash": "6aaefc32",
      "needsInterop": false
    },
    "@angular/platform-browser": {
      "src": "../../../../../node_modules/@angular/platform-browser/fesm2022/platform-browser.mjs",
      "file": "@angular_platform-browser.js",
      "fileHash": "54bb816d",
      "needsInterop": false
    },
    "@angular/router": {
      "src": "../../../../../node_modules/@angular/router/fesm2022/router.mjs",
      "file": "@angular_router.js",
      "fileHash": "06f18cad",
      "needsInterop": false
    },
    "tslib": {
      "src": "../../../../../node_modules/tslib/tslib.es6.mjs",
      "file": "tslib.js",
      "fileHash": "2a1387b1",
      "needsInterop": false
    },
    "@angular/forms": {
      "src": "../../../../../node_modules/@angular/forms/fesm2022/forms.mjs",
      "file": "@angular_forms.js",
      "fileHash": "583d3ea5",
      "needsInterop": false
    },
    "@angular/common": {
      "src": "../../../../../node_modules/@angular/common/fesm2022/common.mjs",
      "file": "@angular_common.js",
      "fileHash": "a8e41824",
      "needsInterop": false
    },
    "ngx-toastr": {
      "src": "../../../../../node_modules/ngx-toastr/fesm2022/ngx-toastr.mjs",
      "file": "ngx-toastr.js",
      "fileHash": "90f6898f",
      "needsInterop": false
    },
    "@angular/platform-browser/animations": {
      "src": "../../../../../node_modules/@angular/platform-browser/fesm2022/animations.mjs",
      "file": "@angular_platform-browser_animations.js",
      "fileHash": "3ed9bdc6",
      "needsInterop": false
    },
    "@angular/common/http": {
      "src": "../../../../../node_modules/@angular/common/fesm2022/http.mjs",
      "file": "@angular_common_http.js",
      "fileHash": "d689f7f6",
      "needsInterop": false
    },
    "rxjs": {
      "src": "../../../../../node_modules/rxjs/dist/esm5/index.js",
      "file": "rxjs.js",
      "fileHash": "d2fe6128",
      "needsInterop": false
    }
  },
  "chunks": {
    "chunk-HRPJOS2R": {
      "file": "chunk-HRPJOS2R.js"
    },
    "chunk-K6JGIOSL": {
      "file": "chunk-K6JGIOSL.js"
    },
    "chunk-AZ7EFCCU": {
      "file": "chunk-AZ7EFCCU.js"
    },
    "chunk-M3ZKBF3T": {
      "file": "chunk-M3ZKBF3T.js"
    },
    "chunk-RKZVUQI2": {
      "file": "chunk-RKZVUQI2.js"
    },
    "chunk-2UUIE6YU": {
      "file": "chunk-2UUIE6YU.js"
    },
    "chunk-QNWOE4KW": {
      "file": "chunk-QNWOE4KW.js"
    }
  }
}